file_id,file_status,match_column_used,file_note
a282f56a-0884-40d2-b099-acf15dead7c7,ok,gene_name,NA
ddda9728-45af-4d0b-b6de-0c85e3a93ff8,ok,gene_name,NA
146ff077-a728-492d-a33b-b8e4ccaa16f1,ok,gene_name,NA
f2298168-e5da-464b-9a5f-d1f6a01e4068,ok,gene_name,NA
97a3cfa9-1504-406d-819c-c75fa4e42c24,ok,gene_name,NA
2a54e344-4f90-4de3-a507-d4667aa07728,ok,gene_name,NA
63dd6d04-3055-49d1-b666-3f8ca739edc3,ok,gene_name,NA
35bb846d-310e-4750-a13d-f051ee420d4f,ok,gene_name,NA
2c7ecb00-2262-45c0-bf5e-8ad2c4ca2c8e,ok,gene_name,NA
a065734c-d1d5-410b-8ed3-7f9e144dc90d,ok,gene_name,NA
24e48951-3bc0-44ff-afb2-a44eac9cf537,ok,gene_name,NA
74bb3ac7-66ab-4389-94fd-0d9693c7c3d1,ok,gene_name,NA
1479d34c-7226-4f50-a3bb-e646b5dd9a47,ok,gene_name,NA
4234539e-d8f7-4408-b6f3-e2f5476e38ff,ok,gene_name,NA
d07fba61-ff49-4349-b090-5dd81af96ef6,ok,gene_name,NA
f549754c-a2b3-4970-aa03-39e5e31f49d8,ok,gene_name,NA
8a7434b9-1690-4026-8084-ebc49a4f813b,ok,gene_name,NA
23505fd3-8a7f-40ea-82e7-b5b6f7557857,ok,gene_name,NA
803a721f-ae8a-4bb3-8b81-495544ea3c4e,ok,gene_name,NA
19a294f1-350f-4cbc-b451-5083a25a2beb,ok,gene_name,NA
d6d2876d-9624-4f5f-9a5a-366cbc5889d1,ok,gene_name,NA
d3944323-90ae-4db4-895c-b8e9dd7cfb40,ok,gene_name,NA
03adfb2d-63a4-43fb-87ae-0d174116490e,ok,gene_name,NA
cae5e7a1-9394-4aa6-bad0-6e9fa31e73b7,ok,gene_name,NA
3e0184b4-cc2d-4956-96b1-71b4ae79e4d4,ok,gene_name,NA
0a2571b8-6932-487c-9190-1fbe4e1728d9,ok,gene_name,NA
c6a93a2c-a832-40b4-a335-f01b6aa22f3c,ok,gene_name,NA
c18e0d24-80d2-4164-b456-46350af32cc0,ok,gene_name,NA
e31db1ec-c949-488a-a44c-3b75d867a77d,ok,gene_name,NA
c6152857-4bda-4a48-abdc-346b5752ba0e,ok,gene_name,NA
8723c7c0-1c79-45f5-ab15-d4a54a58440c,ok,gene_name,NA
4759bd5b-043d-4348-943c-39fe8434941c,ok,gene_name,NA
2eecdfac-0657-4e12-8312-56f8c59ac698,ok,gene_name,NA
88021d16-b553-4543-8e2b-e693c01a277d,ok,gene_name,NA
79f28022-1bbf-4a4a-bca1-f3e3b51442c6,ok,gene_name,NA
ced38b35-e7cd-49de-be9e-ba150ebe972d,ok,gene_name,NA
ab40f4b4-3eab-484e-bef3-7fa916a9cb9f,ok,gene_name,NA
6316a950-ba08-4f1d-bbb7-b67329acf87c,ok,gene_name,NA
7b089561-d449-4b86-bff0-6aa5eed1c8de,ok,gene_name,NA
9512ac3b-38d0-41fd-b3a9-a6a9f13cbb54,ok,gene_name,NA
9066b51d-b57f-484b-95ef-74f4a7a6880a,ok,gene_name,NA
6a841a0e-844a-455a-832b-a6cccdd6972b,ok,gene_name,NA
6a45f231-e207-4e03-8951-ee12f22364f3,ok,gene_name,NA
9e739f95-8038-4d85-9d61-84bd520b8f63,ok,gene_name,NA
2c75e8fe-f58a-4cea-bd83-20fb0374a128,ok,gene_name,NA
af44aa49-f28e-4a03-bc22-9f99aef5b210,ok,gene_name,NA
158153ce-a7f7-4e5f-b83a-1cfcf9a0b47a,ok,gene_name,NA
6d0c91ea-55dd-4c1c-b7b0-503957001490,ok,gene_name,NA
b32639d9-5855-415b-abbd-86f94b9b1832,ok,gene_name,NA
7f4c77cb-a49e-408f-a649-d5f333042325,ok,gene_name,NA
ac7e9e0c-1eea-4ac7-9da6-bea4036a17f3,ok,gene_name,NA
8653684f-c022-4acf-92ac-62759dc4a99f,ok,gene_name,NA
d6c3d97d-c032-4c98-8ad8-7df13b6c9f79,ok,gene_name,NA
3491bc61-f79b-4fcf-93c8-577fb6cb7971,ok,gene_name,NA
c5cbbd7b-a31b-4db7-a71b-ffb1140d7599,ok,gene_name,NA
b679ed5e-e8a8-44fc-af8e-9730fed91838,ok,gene_name,NA
bcf37fc6-ef72-4fc0-9567-c731400ec6f7,ok,gene_name,NA
250c72dd-eeb3-4b45-a26c-cb72ede81bcc,ok,gene_name,NA
dff492f1-7fdc-4ff6-b868-c355cedd6cad,ok,gene_name,NA
c577dbcb-4a47-479f-94d7-c0973492f1c6,ok,gene_name,NA
d55de9b7-8baf-4628-9c2f-00c53f2d80be,ok,gene_name,NA
8a01f93c-19f3-4399-b63a-b0bd2d132d6f,ok,gene_name,NA
77a1aa77-410d-4417-b259-2f9bfc38c138,ok,gene_name,NA
556b67e4-2987-45a0-978f-2ca76a50fab4,ok,gene_name,NA
0a2a899a-5dcb-44dd-aab7-5b13001c3e02,ok,gene_name,NA
ea69f170-b197-4538-a182-54f05d80f0bc,ok,gene_name,NA
ff3cfce9-61a3-4c0a-808b-eaa13955ca6b,ok,gene_name,NA
51e56ffc-afc4-4342-89b0-010d3e536ed7,ok,gene_name,NA
abf367b5-41fc-42f0-8b08-16f58930e78c,ok,gene_name,NA
7650dbf6-6782-4043-a99a-4e3fe299f03c,ok,gene_name,NA
fd1fe541-61b7-4556-807c-6ef4d3608008,ok,gene_name,NA
eb1f3e1c-e307-4f4a-9b3e-5d1462d782aa,ok,gene_name,NA
f00aa8f3-6acb-49bb-ae65-bfc0008fa52e,ok,gene_name,NA
4b5a3053-b06d-4b3a-9460-54bd39453502,ok,gene_name,NA
cf8a56c9-fd42-4f5e-b9bb-b25896ce9a5f,ok,gene_name,NA
e67af2ff-1da7-4f26-88f0-6cba812ff306,ok,gene_name,NA
1a519c62-8e59-4004-8250-a860e6c53f4e,ok,gene_name,NA
9173ab2e-758c-446c-9b0c-435265cf8462,ok,gene_name,NA
73a770c4-bb92-44f5-b3c1-cc9a60536a6b,ok,gene_name,NA
cbc74c15-3a01-4eca-8a35-4d3b0d0ccab4,ok,gene_name,NA
69cb65ea-67fc-4d62-9b16-6c6901cf0761,ok,gene_name,NA
8fcc58b7-834f-43df-b0a5-375e59dc3bed,ok,gene_name,NA
53061e36-95a1-48a3-94dd-0cb6cee4caea,ok,gene_name,NA
ffaca8b3-a2d7-42dc-9d42-920a38fe2147,ok,gene_name,NA
837fbf69-20e7-4395-96ce-c67cd7b294b0,ok,gene_name,NA
3f79a944-6621-4820-b93f-ae791bc07917,ok,gene_name,NA
94ed30cb-750d-4053-8a68-86159fbc97ac,ok,gene_name,NA
b8c20797-44bb-4242-9a57-5f13cf6aef67,ok,gene_name,NA
b65e20ec-c7d5-488f-91b8-5f46ceeff8f0,ok,gene_name,NA
4d73cbe9-34c3-47e8-a808-206b60cb78fa,ok,gene_name,NA
d3a5fae3-7ac9-478d-ac80-5ba3f2af75f6,ok,gene_name,NA
cf6e38ad-bf51-4314-8cb0-e50f95aee9ff,ok,gene_name,NA
d20cf786-ccae-4aba-a46b-06355adf7e0a,ok,gene_name,NA
ac87ca70-c4f5-4ad5-83de-e51bc3db5e59,ok,gene_name,NA
79004a29-facf-444c-82e4-7f2b0444e11e,ok,gene_name,NA
1f1d615b-a488-47b0-84ea-d8d55846ad07,ok,gene_name,NA
0d0e09e2-f8bd-459a-b8a3-a3d3153d613e,ok,gene_name,NA
474a4fe1-6930-4306-a9da-1b96621f1e22,ok,gene_name,NA
95c405c6-ca3a-402a-8618-f68ff36d0146,ok,gene_name,NA
c98764c8-ffc9-4981-bba5-98226fc3f744,ok,gene_name,NA
61e22db8-4196-4d4a-9bd2-4741e35d1687,ok,gene_name,NA
2b8002fa-b726-4708-81f3-4835e9e827a8,ok,gene_name,NA
d5485df7-7ebc-4610-991e-b91b70a38c3e,ok,gene_name,NA
38d3dd3f-a75c-4c2c-b6b5-5211766c2639,ok,gene_name,NA
129572ca-ded1-46f8-beb7-ef394008fb5f,ok,gene_name,NA
7db26754-b3ec-42d9-851f-992763dafe95,ok,gene_name,NA
88e0a449-4b87-4407-be02-88e5244fd4f7,ok,gene_name,NA
2f537305-9b56-4665-a6ca-40d6445c17d8,ok,gene_name,NA
c2adc3f8-6571-42f4-8def-cba1b5cec712,ok,gene_name,NA
e6eb8011-81cc-4108-a272-aca860c7bb2d,ok,gene_name,NA
acd4c126-d740-4c6d-83b5-eb3369db6542,ok,gene_name,NA
0fef1095-6616-447e-ada3-87035d8aa011,ok,gene_name,NA
6db9234e-8f03-48d2-8dcd-cb0c68a801dc,ok,gene_name,NA
47eb37d3-46b2-4eff-abd0-0a80205856a8,ok,gene_name,NA
2aaf76c3-9473-4ed2-93c6-780571f3c818,ok,gene_name,NA
2a435688-85fd-41e6-989b-bcca5fe4c6f1,ok,gene_name,NA
a5a1f9e9-1193-47f9-af1c-0afb0ed2e408,ok,gene_name,NA
808ce69b-541c-4fc0-9713-298c10c3afc6,ok,gene_name,NA
7b49c69f-9115-4155-a8bc-b5361d9d7145,ok,gene_name,NA
be715478-b298-45a0-ba8f-d4f193f4dfe6,ok,gene_name,NA
da434ec8-9265-4ae7-8d1a-9a5bf2f1220b,ok,gene_name,NA
83242421-ffb1-4318-b1b6-e251dfc6cacb,ok,gene_name,NA
dc944bdf-f066-4603-837d-fba14607a154,ok,gene_name,NA
470c4595-1baa-446e-9163-836bff64d639,ok,gene_name,NA
e2a24dbf-30a7-47c5-877a-f5d100cb99a4,ok,gene_name,NA
93c5114b-9e42-4409-ade7-ba97dd0801ca,ok,gene_name,NA
adf8c473-d1f6-4f9b-86b7-bf90c8cf27e5,ok,gene_name,NA
aeb57860-e81a-4712-a89d-8344c9bb2cc1,ok,gene_name,NA
e8ae248f-fd8c-43eb-b4e4-a2beebde93ac,ok,gene_name,NA
94781f52-8bf3-4376-88f0-2a79d3f2c677,ok,gene_name,NA
9e519f4d-6578-4617-9f47-09a60f213465,ok,gene_name,NA
34ca630b-6156-4468-b95e-ac2ff035ef96,ok,gene_name,NA
fcf77250-0aa4-490e-be76-5acdbe89a56b,ok,gene_name,NA
37a710fa-7e94-4bef-8078-9101fe36eada,ok,gene_name,NA
b6587f62-ba78-4162-bb4d-c61d6c648b5c,ok,gene_name,NA
edf8cd42-b56c-4711-97a0-4d1e07eb8937,ok,gene_name,NA
6e84463c-a825-4f3a-bfee-477bc75585eb,ok,gene_name,NA
62fecc2b-0647-4f59-9c3f-b449a7516d26,ok,gene_name,NA
533b33a9-078a-4e54-97cf-9cd0ca386b08,ok,gene_name,NA
bdefacfb-a31b-43fd-9430-25ae73831a19,ok,gene_name,NA
4606da14-25cc-46cb-bf61-47d26dd7f2c7,ok,gene_name,NA
9f69c4b7-2cd3-45ba-b00d-014cd8842744,ok,gene_name,NA
37384b91-f610-47e2-bdd5-e53804735b17,ok,gene_name,NA
1cf48022-6d8c-412c-804d-52e0e28560ec,ok,gene_name,NA
c685d0cc-424c-4d94-a9cf-94083c53bf31,ok,gene_name,NA
7f6e9b08-8773-4c55-b9ba-e77ad39f3f26,ok,gene_name,NA
971f68bc-ff85-4c0f-a6df-f7482c779f37,ok,gene_name,NA
c4d9d7ac-b97e-42fd-8b0d-436cf663f33d,ok,gene_name,NA
85d1cb46-f6ab-425b-a115-62d6fc49d1bf,ok,gene_name,NA
cd5b7d84-e52c-4081-932f-280a299b6c81,ok,gene_name,NA
8a554929-80f9-4ee5-a7a1-b4236f992709,ok,gene_name,NA
7c571e7e-c394-42a8-9a93-6252f3fea878,ok,gene_name,NA
82a87b6b-5675-421b-b012-f8d2a0e3ee42,ok,gene_name,NA
a288fb00-99c9-4449-864a-6863340543af,ok,gene_name,NA
52f1f0dc-344b-4486-985f-eb24e6325fee,ok,gene_name,NA
19dae81b-4f8a-44d3-a9dc-ef12e0ee9712,ok,gene_name,NA
f3d7c049-c6c7-435b-8dad-c9c37af26175,ok,gene_name,NA
115d0e2f-af7b-427e-a13a-b6635a64d253,ok,gene_name,NA
60353a97-9450-4d7d-b06a-4eba61df7012,ok,gene_name,NA
9efc3f2e-19a2-4219-8eb6-de8fc4924262,ok,gene_name,NA
1b9b52fa-0c2a-42b6-8ae3-6afa40f161cd,ok,gene_name,NA
593d0d14-f328-454c-a124-73c5cd77675f,ok,gene_name,NA
ecd72fab-f423-4540-b8db-2bdc158deebb,ok,gene_name,NA
108ca883-3ad7-4a56-b92d-dba9cf0c879a,ok,gene_name,NA
eabf6558-3a83-4ef2-a145-655b1d442fb4,ok,gene_name,NA
835d5f3e-8373-44c9-8530-b3494cd836ad,ok,gene_name,NA
deafc746-7108-4c54-9329-0268316d70dd,ok,gene_name,NA
753e9119-cb36-4fc8-81db-2ad1b0517a1f,ok,gene_name,NA
83cd627b-cf83-4f94-a965-aff6e2e4ebfd,ok,gene_name,NA
a5341597-9a88-4cf0-bc52-f08b349107f1,ok,gene_name,NA
9e1f65eb-bd0b-44e3-bd84-da9705c675f6,ok,gene_name,NA
2b9d46dd-cef6-46df-8c4e-d135e0fd5740,ok,gene_name,NA
d932f824-5573-41f5-85e7-b6d7b7abf098,ok,gene_name,NA
ae06a69d-d2b5-4912-9d90-39dd917b03d1,ok,gene_name,NA
0058f38c-d05f-4c60-bcf6-cd8f6ce1c4ff,ok,gene_name,NA
8c946222-d70e-4c69-8a4f-28a79982fcd9,ok,gene_name,NA
22e77be6-20d5-4ca1-adcd-bc13ac7eefb8,ok,gene_name,NA
5a7c9588-ee50-48a5-8f66-ce890a21a3e5,ok,gene_name,NA
7d65bae5-77a0-4061-b6c3-ddad0c25b17d,ok,gene_name,NA
fd56a2b7-128e-4e51-a18f-df0b89ff0b0f,ok,gene_name,NA
ea2b0769-ab76-4a82-9552-5a7a1ff85cf1,ok,gene_name,NA
e9b3d05e-b735-47ac-93cb-97be31bac8ee,ok,gene_name,NA
8ae206f0-70e9-4503-bece-d4dedda72001,ok,gene_name,NA
bf2fc9fb-db30-4be8-8934-d395b2019aae,ok,gene_name,NA
454affa6-2a1e-4f77-a850-94822c7a5eb8,ok,gene_name,NA
a3492937-5910-4d94-9f0b-f532ff603c62,ok,gene_name,NA
f9e66753-bfd5-491f-9daf-d6f2aff71021,ok,gene_name,NA
8cc5ac6c-040f-4472-acd5-2bbd35537f56,ok,gene_name,NA
74a531ff-e3be-4ef7-8eff-68d3047fe277,ok,gene_name,NA
dbb576f4-052b-4b34-8c35-37413826d8cb,ok,gene_name,NA
0cd3bd7b-6496-489d-aeca-62348e101b25,ok,gene_name,NA
aeb0f385-fcd0-4ae1-8c2d-0a67f3d8b0c5,ok,gene_name,NA
a592fdde-b880-4901-9a35-cbea7326e2dd,ok,gene_name,NA
15551add-2d6a-4a0b-ab47-5bc45859e474,ok,gene_name,NA
584b0549-8773-4e6d-bbeb-4e3272c29954,ok,gene_name,NA
6e158bd7-d736-48fa-8aca-f29c9f5c4d7c,ok,gene_name,NA
e2e6f197-b31d-4f93-9e97-b1b002762a3b,ok,gene_name,NA
f463b53d-1634-4be0-a940-ec135ea41df7,ok,gene_name,NA
e91a15d8-0cb7-4fb1-bd8e-a8192e92526c,ok,gene_name,NA
95875cb2-a046-49f0-a545-92fba82bd141,ok,gene_name,NA
e5bd5161-78d4-4ffa-a45c-95d2d7963af9,ok,gene_name,NA
fc2e96aa-b226-4393-adb1-5b3a0a4365d8,ok,gene_name,NA
106669c1-e20c-4ed8-863c-3ada529f58a4,ok,gene_name,NA
e90a37ef-cf17-4a5a-b08c-c6efb1f8b287,ok,gene_name,NA
00362664-cb13-4998-a26c-618dba69ea00,ok,gene_name,NA
3a44ac02-62bc-4773-be2e-904416ca3488,ok,gene_name,NA
7349fbd4-c919-45a5-8ed2-1f61b9fec87f,ok,gene_name,NA
411783e2-5f61-4056-af80-8253c34df8a3,ok,gene_name,NA
38278b70-346c-4727-b672-5934ff20bb40,ok,gene_name,NA
b0522297-7359-4e5c-a6f7-41df7c928bbd,ok,gene_name,NA
fa5b33ce-9f46-40cc-8cfc-122a6a2c1dc8,ok,gene_name,NA
cb8e6a48-6d0a-462a-949f-899f183872c3,ok,gene_name,NA
33f4bf27-b3c4-49e7-b9f7-c310c91834de,ok,gene_name,NA
60a5538f-4d15-47c7-82aa-c9a983776f02,ok,gene_name,NA
aecd7f3f-f566-46c0-b632-fb229664a237,ok,gene_name,NA
bc4bf8df-ec60-4ce7-b857-ba8ea1730173,ok,gene_name,NA
6cf97a5c-c566-48e3-ba69-17fb0268312a,ok,gene_name,NA
8a9e7c17-cfb4-4924-bd70-c8afcaeb6954,ok,gene_name,NA
0e566bdd-6bb8-43d3-bef8-8386fe9e2c0c,ok,gene_name,NA
b1eaeb04-0497-444b-8e58-8579b3ec384a,ok,gene_name,NA
06fbec23-68bc-49ef-8a2a-3c5289d146e2,ok,gene_name,NA
7579c409-84fe-4986-a5cd-9e966fe4b94e,ok,gene_name,NA
51835252-f1fc-462d-8d33-291355c6243f,ok,gene_name,NA
1cf0eea7-8dd9-45be-ae42-b7278ca6a814,ok,gene_name,NA
cb63052c-7208-4cd8-9290-47c5f3fb17e2,ok,gene_name,NA
4b4deca0-b67d-4c1d-a127-1dcd7fb9fb0f,ok,gene_name,NA
d77faae8-0b0e-4e82-9312-bd1a480a6d73,ok,gene_name,NA
7a191855-a85e-47cd-988d-4e7f5c9912f6,ok,gene_name,NA
50ca780d-13b1-4132-a6c9-90217cf1b4b8,ok,gene_name,NA
09460119-0661-4fe5-8004-56b005929dae,ok,gene_name,NA
0d551c2a-a684-4b1e-bc8e-a30b0ee01cd7,ok,gene_name,NA
df3117d6-fa35-4cad-92a9-0a127b1be40b,ok,gene_name,NA
baddba08-619b-4a38-9b1d-367a6ee8dd0d,ok,gene_name,NA
bab37edf-5e92-445f-bae4-e5e34d9c1660,ok,gene_name,NA
c31bed22-8912-45e9-ae1a-543106821c8e,ok,gene_name,NA
4bd0485b-95e4-4324-b83d-c751e9c26017,ok,gene_name,NA
15eadac3-48d0-44f4-be28-8427a5c6b62b,ok,gene_name,NA
2a9c43fe-e2f7-43e0-822c-1f80d7cc004c,ok,gene_name,NA
fb7dce3c-22a0-4a64-86b7-3fa350c5ba51,ok,gene_name,NA
a323d790-07ec-4d6e-839e-eed8c9263216,ok,gene_name,NA
1d63e7f1-d283-4010-ac49-4611f0715838,ok,gene_name,NA
5656c424-7f57-4917-ae6e-82c0891830a9,ok,gene_name,NA
1928e314-d29f-4cb5-b261-c9fe40609e8c,ok,gene_name,NA
1e259185-71cc-408b-b6d4-60329ffa3bbd,ok,gene_name,NA
9007f94b-5cb1-421f-8ad3-7333920370af,ok,gene_name,NA
fcce9b35-b8d6-4e32-966a-6db935c39234,ok,gene_name,NA
69881b60-ba69-4d69-bde7-baa75cfc5a95,ok,gene_name,NA
78012546-6d9a-479a-bcfb-e60248811e61,ok,gene_name,NA
70574e3b-be25-4280-b8b4-790d1eed2cb4,ok,gene_name,NA
ec5dcd5c-b2ea-4bfd-8f80-51de4d489701,ok,gene_name,NA
19dd5eb9-8394-45a4-bb47-01bc3f25d136,ok,gene_name,NA
9eac3510-fd52-472d-b926-39c7a9d23fa2,ok,gene_name,NA
718780ae-f6f9-42be-a2d3-08b25b9e67cf,ok,gene_name,NA
6153637f-c83d-4211-88ee-a98f269f59d3,ok,gene_name,NA
448b0d51-24f0-4eb7-b882-8d726d1741db,ok,gene_name,NA
723383fc-ba09-4470-a3e0-6ae3432ca407,ok,gene_name,NA
c8a1eb21-bfb9-4708-9bc0-65c211f0dc3e,ok,gene_name,NA
583991e4-58f3-48d7-9d55-82cff699036e,ok,gene_name,NA
2405376b-d8c6-4803-8269-43a4c9edafb6,ok,gene_name,NA
b1c41433-20be-49d8-b3d2-87dc7beeb3a8,ok,gene_name,NA
681c600b-143c-42ee-9dd4-b52f513a769d,ok,gene_name,NA
62fe1bbe-c2b1-4ac9-9896-1819d2a2b89b,ok,gene_name,NA
1725ee1b-d90d-456e-a468-dd36528b539a,ok,gene_name,NA
fc630c41-6424-481d-b870-54310c267d96,ok,gene_name,NA
2123d3f7-0163-4ee4-b29e-58c86e3ac864,ok,gene_name,NA
646772cb-ce5f-4642-8e8f-b1a0d34ca5bc,ok,gene_name,NA
19b6a615-3f4e-4cfa-93ec-cbb7ced98f51,ok,gene_name,NA
f742e688-2bb0-458e-96e8-1a2d22af1bf9,ok,gene_name,NA
a92739d7-447b-44eb-afe7-30e98eba0899,ok,gene_name,NA
5e3b73ea-6843-43bd-b34d-8b8e4d6310cc,ok,gene_name,NA
f685135a-5d45-47e8-b4a1-efad788adabd,ok,gene_name,NA
ae876604-1041-43af-81ef-732cdb087d4f,ok,gene_name,NA
dd0e1e41-fa5e-41b2-918d-984743b7f12d,ok,gene_name,NA
8240143f-af20-467c-96e5-e509ba2c116a,ok,gene_name,NA
9552fd13-d00a-4772-9d8b-1d13f18d8a75,ok,gene_name,NA
23490f22-f7bd-4f7b-9aa9-fe86045849d6,ok,gene_name,NA
a9cf7a99-2560-48f9-bf43-ed1882d1a291,ok,gene_name,NA
bc4c4be8-39c8-49f9-8a07-974e2ff4f47f,ok,gene_name,NA
f76b12c8-b003-4c11-a89b-2189310b1ad2,ok,gene_name,NA
d5818c79-69fa-4eef-8594-25a8e5a94855,ok,gene_name,NA
0d7d0e69-5f42-4685-a2ab-5e02afaa35f9,ok,gene_name,NA
f1898cd6-326e-41ce-ad79-8c98da8e5546,ok,gene_name,NA
58b4f56d-9783-4aac-bc24-3d7ed34492ee,ok,gene_name,NA
574900c0-8a4a-4987-b786-b3e25886165c,ok,gene_name,NA
a25f0d45-bfa8-4e0c-a739-dbc138dcbe5d,ok,gene_name,NA
f1d7818a-ce93-4966-b1c4-5f301e74e1b0,ok,gene_name,NA
d33b57c6-d3e2-48f0-af64-b2b5845a4f5f,ok,gene_name,NA
fcaa6907-146e-4dac-90b9-65a37ff3291f,ok,gene_name,NA
b3be8e3c-d8e3-4fcc-94a3-cce5707b85b5,ok,gene_name,NA
b5c421d8-3e4c-4590-9e3e-3eec6ea988ab,ok,gene_name,NA
d2ce4509-0f52-4901-bf66-6092d0bd21bf,ok,gene_name,NA
4765e902-f2a1-4ea4-925a-683086b5334d,ok,gene_name,NA
98ae3d17-2cca-40e8-a04c-a6a5a5db0b33,ok,gene_name,NA
ac8f6ad3-b0df-48ed-972c-9654392f2eaa,ok,gene_name,NA
c8a16b5e-f8e4-40a1-b29b-3228e8de9eaa,ok,gene_name,NA
b1691ae7-2833-49b3-ad40-96913399d398,ok,gene_name,NA
41806157-0e4b-4b45-bc38-f0009a8b86b1,ok,gene_name,NA
48d51274-eba4-4fbf-b5eb-4ddc07a27121,ok,gene_name,NA
47c36249-1551-4845-9f6b-6f2a785f39c5,ok,gene_name,NA
05da738f-9316-4346-ac68-59aec3c16569,ok,gene_name,NA
3efa8a3e-17f2-43ea-9e5e-cfe0623b350c,ok,gene_name,NA
d2435a77-2eb7-4de5-8e6a-44521a71b0cf,ok,gene_name,NA
9908b233-1fd5-4c57-8164-22c195dd8752,ok,gene_name,NA
dae98574-88ac-4fe9-809d-b31cbb70c143,ok,gene_name,NA
e0cacaf0-e9dc-44e9-9172-5ef741360c63,ok,gene_name,NA
20443648-a8c8-41ef-b589-d4a42a288277,ok,gene_name,NA
81c11217-7d87-49a6-ae93-3c107b5fc2ec,ok,gene_name,NA
bb459bb7-ff32-431d-897e-c1c60bce3a93,ok,gene_name,NA
5d8b78aa-c6c0-42cd-8ba2-3f39b2a12bbd,ok,gene_name,NA
40da8335-2b0a-4dca-9580-255bbde86756,ok,gene_name,NA
7a2cd40f-7835-4323-b454-4e7da6253b5e,ok,gene_name,NA
0d76075c-fb5f-49fc-aaf0-2dbfd6d1bc64,ok,gene_name,NA
7fc3fecc-8b19-415f-b58c-4c344795deb8,ok,gene_name,NA
a47a69f0-b18d-4056-9d60-455bc93dacf3,ok,gene_name,NA
38657792-ba50-4dfe-8cef-d3c403756e44,ok,gene_name,NA
494f195a-c5ba-4a7c-a72b-3f2d33164476,ok,gene_name,NA
e2dad1ec-1a90-4ab5-bb54-9d4fa0c62524,ok,gene_name,NA
ae50e9b3-c2d9-465a-8489-018a53527b14,ok,gene_name,NA
aca54307-630b-400a-b03b-63b055d4c170,ok,gene_name,NA
5cee2a08-fe03-4460-8394-1e7ab0ada6bd,ok,gene_name,NA
7d1b75d4-d2cc-43d0-95cc-464124c5eefa,ok,gene_name,NA
63085c99-6251-4875-be47-401c6aba4858,ok,gene_name,NA
09ecfabd-fc24-4c01-ae78-890f4f0bbaa6,ok,gene_name,NA
f7f9b098-6176-4c94-9684-605c51af16ba,ok,gene_name,NA
ab2205b2-a9aa-451c-8f52-ba9e00722d62,ok,gene_name,NA
03622878-db1a-45b0-a6ac-ad5389afd3fd,ok,gene_name,NA
f791d60d-2873-4fa6-a777-c525b04dba40,ok,gene_name,NA
4eaa3447-5f01-4986-873c-31524224d454,ok,gene_name,NA
c6d8a889-902c-4cb8-9411-b3c222c80a10,ok,gene_name,NA
6cd83368-4978-4ef4-a1b8-f2d8f9cf9d7e,ok,gene_name,NA
2b17dbd1-12e0-4494-a62e-dd2b28160a3c,ok,gene_name,NA
0a654803-712b-4cb7-81fb-8d926a77e75a,ok,gene_name,NA
4bc5e73d-719a-46a1-9453-9d3ba02598fb,ok,gene_name,NA
5033a52a-3748-41cb-9783-9b69e91004fb,ok,gene_name,NA
d529459b-b78c-4651-902f-8daa6f1415e1,ok,gene_name,NA
37b6f784-ef0b-4f74-b93f-20b12a6959c5,ok,gene_name,NA
1627ea47-3fa0-405b-970d-bfb1cae72ece,ok,gene_name,NA
c487a484-4f21-4eff-b61f-c9294aec5d72,ok,gene_name,NA
a635eeb0-963b-45b4-8929-f0f1f4dc0142,ok,gene_name,NA
02fa930a-9947-49e2-9d77-95fea53ba469,ok,gene_name,NA
d7c0a5c7-36ab-45e8-b8e9-78d231de48aa,ok,gene_name,NA
032b52ae-de5f-4f4c-989f-cd28cce9a400,ok,gene_name,NA
fe95e3cf-1ace-4b4c-bde4-fb3904476d1f,ok,gene_name,NA
ace935b3-873a-4b70-9217-1212c669fdb3,ok,gene_name,NA
aa01cdee-0c68-434b-a19f-314fc2f7b962,ok,gene_name,NA
8e5f650e-c9d0-4cfb-aaf8-738b589e49c7,ok,gene_name,NA
598640a3-cc0d-433c-afba-639ed42e3d13,ok,gene_name,NA
9910b4c2-f121-446b-9364-c101871d713b,ok,gene_name,NA
930f7608-a79b-438c-a910-0b6b6035d73e,ok,gene_name,NA
fa5686f5-2931-43e9-853a-53b28ca19e39,ok,gene_name,NA
32550b81-9853-4cd1-8590-f6c62f38f3e5,ok,gene_name,NA
3b913a37-3c9f-40f7-b845-5ce59f1cab92,ok,gene_name,NA
c270cc65-75b4-4cc1-8537-86504e8b7215,ok,gene_name,NA
6050fca2-bb31-4c3d-8c37-f9c42e59e29a,ok,gene_name,NA
1aa0340b-6dfd-4365-8135-a894debc723d,ok,gene_name,NA
55323d9f-ddce-41a3-a577-72032c7261e5,ok,gene_name,NA
b7eb335b-ec56-4e27-894d-6015b1481c6e,ok,gene_name,NA
a3882dd3-e3d2-44ef-ac01-0155653f8c01,ok,gene_name,NA
b3315c31-3b2a-4053-8c74-35a6e9a9e4b4,ok,gene_name,NA
5acb5f4b-7569-4c6d-9b05-57f3fe92ef00,ok,gene_name,NA
e2e15f7f-d848-4d82-a21b-292a98549de7,ok,gene_name,NA
5ac83dd9-263c-4510-a1b2-96a49fe91625,ok,gene_name,NA
56832d95-02a4-4d80-94f3-eb51157adbd1,ok,gene_name,NA
625c7f57-de1e-45ad-959a-2995973761bc,ok,gene_name,NA
fed31248-bed3-4c9f-a2cc-afd2860df510,ok,gene_name,NA
67bec45d-ed1e-41c5-9c61-4d7fb1592450,ok,gene_name,NA
4970fef6-b0d5-4a5a-975f-170b970c2c48,ok,gene_name,NA
6c325ebc-d594-4b0f-af95-7b72f4292744,ok,gene_name,NA
f89451d9-6170-442f-8f51-8c7cb5277d7d,ok,gene_name,NA
bb0413fb-ec3e-46bc-98ce-c27d59073fda,ok,gene_name,NA
e2508712-3024-4a83-a095-c926d5df7721,ok,gene_name,NA
157da8a2-76e1-4b4c-8015-97b2240a68a9,ok,gene_name,NA
6a636161-3e75-406d-abff-1279948cab86,ok,gene_name,NA
44626f2e-12ab-445d-bcb8-612d51fae0cf,ok,gene_name,NA
aee6c864-2f94-4bca-a816-d85963b67b1b,ok,gene_name,NA
ba48abc9-c26f-4251-8811-0accc26cc251,ok,gene_name,NA
2e09b29e-2181-42c5-b73f-04e2b3b7c4a0,ok,gene_name,NA
9682e769-c86f-4250-819b-f9c0b267f292,ok,gene_name,NA
5cc420bf-ffe7-4f28-8395-4fc01df8efe9,ok,gene_name,NA
6d9588ee-b1ab-4343-aa5a-f25676c3682c,ok,gene_name,NA
68d60af3-d62d-4f70-a1de-43511f11d880,ok,gene_name,NA
dbfd78dc-8e25-4cab-ac20-fcd0e5fcf421,ok,gene_name,NA
1a3c2108-067b-4bd4-b3e9-e0a938e5e706,ok,gene_name,NA
0c50e19e-8d93-4925-989b-0cf4b189cb05,ok,gene_name,NA
7a3b74df-2726-42c3-8c9e-1f90bc2fd952,ok,gene_name,NA
4840ded1-30a1-4bdf-b4d6-ea1d5f81aa11,ok,gene_name,NA
387acfe6-b3d0-487b-bdb3-aed972623735,ok,gene_name,NA
890599ec-249a-4ba6-93fa-6935b7a76d39,ok,gene_name,NA
f077f07b-cd36-4be7-89dc-bbbc4e095aad,ok,gene_name,NA
8ec2e880-ca86-498d-a756-89904f9c478c,ok,gene_name,NA
e008859c-a883-4c78-b680-112ff04b5f95,ok,gene_name,NA
f3f687a3-9619-4ab9-a5d1-35f31422b472,ok,gene_name,NA
55e06fa1-6ad0-4f14-a00f-a8c5b151f4c1,ok,gene_name,NA
c8f47778-9fbe-4d10-9e0a-ad0f9191a1a4,ok,gene_name,NA
3c3e003d-0154-4a02-9fd6-8c8d46462ddd,ok,gene_name,NA
16012786-0fe7-4c37-8329-385f167af195,ok,gene_name,NA
68d36a43-d948-45a0-8fc5-3b1fe1bd5cdd,ok,gene_name,NA
01adc305-77a7-4bda-8744-e2440d8b141b,ok,gene_name,NA
68cc3bd0-7207-4526-8cda-1c5af53c5426,ok,gene_name,NA
942ca390-cffc-4d62-afaf-1be68b203edf,ok,gene_name,NA
7cdc56cf-2e0e-467e-8e96-5b2391309b7f,ok,gene_name,NA
866bb067-d79f-48b2-988d-4b2f278f1b56,ok,gene_name,NA
fe377618-2fba-4327-88c5-8f27223e0011,ok,gene_name,NA
ab283c8a-593f-47a9-a9ab-be3f941eefa3,ok,gene_name,NA
fa5c7886-733f-4846-8a9e-2755675b2beb,ok,gene_name,NA
50ac9c1a-dafe-47da-b7fb-24f475e59167,ok,gene_name,NA
155b732b-3603-4035-94d4-57a81a23a0d1,ok,gene_name,NA
45fdd443-97c8-4b1c-955b-7e7e98b7cba1,ok,gene_name,NA
b4f06db1-f648-422d-815e-cc8e1127bdbe,ok,gene_name,NA
41ee2106-8de9-46ac-a189-a650ce5c5fdf,ok,gene_name,NA
42d79bcd-223d-47b8-a4bf-8440533452c1,ok,gene_name,NA
3307a47a-845c-4c0c-8d0e-48b94a374ca0,ok,gene_name,NA
cf0b5536-779c-45fc-9286-d5eedf81ff5f,ok,gene_name,NA
197da8d8-fb90-4d07-9170-0fe7560a5ffa,ok,gene_name,NA
71107c3c-f403-42a0-9f61-d580e661c1fd,ok,gene_name,NA
690c6ed8-034c-4cd5-8492-ad48d4194b0e,ok,gene_name,NA
53e35c02-1a71-4de2-9ceb-f8c3b3c3a15a,ok,gene_name,NA
77b1c8d4-c019-4bf0-9c34-b3abc0878fcc,ok,gene_name,NA
3eb4fd25-65ee-42a7-aaf1-46c3371b8d59,ok,gene_name,NA
3914e701-be71-4537-aa41-aadca2a9228c,ok,gene_name,NA
eff6b9f4-a65f-4d09-8197-13d774cae5c4,ok,gene_name,NA
bc9a5ab1-fb9c-4fc9-949a-34574c15d475,ok,gene_name,NA
1a3ff7f1-f063-4651-89ac-4745c8de0f63,ok,gene_name,NA
8184059f-1889-41da-8a3b-b1a65c2217f0,ok,gene_name,NA
dad64609-983e-4201-b16c-1ed9b77864cb,ok,gene_name,NA
fb0d1a45-9afa-40ad-b8d6-051a0e32c7e4,ok,gene_name,NA
32ad2003-1d66-4464-9efd-29b1b4063154,ok,gene_name,NA
42363eec-ca19-444b-9f45-de3d0fd9e848,ok,gene_name,NA
620833e1-3bc7-4ff1-a191-0f6f3e821d33,ok,gene_name,NA
cf3a81af-317b-4454-9b7d-b3795a87bdca,ok,gene_name,NA
f66d2f11-b3c9-495e-839f-6f364e5b7d69,ok,gene_name,NA
645b99ff-42c5-4499-a2a6-a67b9bbf3811,ok,gene_name,NA
c42b5736-d339-4b29-9e0e-ce239a9f89dd,ok,gene_name,NA
4887f226-5521-49bd-a627-0974885daf7c,ok,gene_name,NA
5aa563d5-135f-413f-a4c8-2431e8f8cfa1,ok,gene_name,NA
5d93683d-bf7b-4279-aab3-561834bc0767,ok,gene_name,NA
1ad5ae98-b0b6-4601-b835-d2c2babcd6da,ok,gene_name,NA
4f293f23-1418-459d-8749-e0e7454f638d,ok,gene_name,NA
03af23fe-d4d3-4c79-9e12-22283c64ce0f,ok,gene_name,NA
a58f3356-ee00-4705-b583-a68e683f6e8a,ok,gene_name,NA
3fb67f35-aa15-4e36-93b0-cc872266ff04,ok,gene_name,NA
20235747-5ae6-48b0-b74a-e06f1b153718,ok,gene_name,NA
e5af84eb-219c-41f3-94a4-bc81a0e791ab,ok,gene_name,NA
b7505999-5630-4683-8066-ec880aa863be,ok,gene_name,NA
c54ab8eb-ce2f-4bd6-93bf-8e7ce33e4f6b,ok,gene_name,NA
e96ccf15-7661-4a6d-9226-a7127887e3cb,ok,gene_name,NA
b8421615-c8ed-4639-abab-5c55433f84bd,ok,gene_name,NA
ad27802e-0364-4c3e-805c-7c923733b94c,ok,gene_name,NA
d533e7df-d05e-4501-848b-ebde39845cb9,ok,gene_name,NA
67921546-40cb-46d4-95df-0307e664a097,ok,gene_name,NA
dc356a7f-f87b-4e8f-80b7-a81a515b3258,ok,gene_name,NA
5e40ed04-6d5b-4dbb-938f-d1b9c04a6d57,ok,gene_name,NA
5c2d142e-ab5e-44d5-bc85-c4f49ed83aa3,ok,gene_name,NA
bab7a25b-5297-4c02-bd50-3cd0b5a6e086,ok,gene_name,NA
af7ec774-1cbd-4f9b-9408-343728cc973d,ok,gene_name,NA
7e60701a-866b-49fc-bd62-9bad40a5d68d,ok,gene_name,NA
dc8a63df-28c0-4b0e-b13a-1d4c7aa91ba2,ok,gene_name,NA
53c61db2-c20d-47f8-9e81-eaa0eac92e78,ok,gene_name,NA
5605142d-c2b9-4537-bef9-a1071641e948,ok,gene_name,NA
02c69ef2-120a-40df-9f8a-b1429e89b675,ok,gene_name,NA
febf694d-811a-4fcd-b498-e9451fdc0d4e,ok,gene_name,NA
464d7fea-5ca6-4110-8e37-e02d368f6b3f,ok,gene_name,NA
f4cd993a-8568-4c66-a85d-3592faa96f0c,ok,gene_name,NA
27cd7914-1edc-4408-9548-c688b130e8a6,ok,gene_name,NA
337381f8-4597-48fa-9f7e-bca3bf2cd48b,ok,gene_name,NA
1b399b3e-f333-4933-82c5-b8f51a84ca96,ok,gene_name,NA
d071d7c7-6196-4282-b03d-b008610ad670,ok,gene_name,NA
1165226c-f95c-4977-b9c4-78de4586686c,ok,gene_name,NA
22942918-e44c-4c8f-b134-ef93a01c36bc,ok,gene_name,NA
0aabdda2-2fac-440e-ba01-1c9d23fbf387,ok,gene_name,NA
9d3e8119-07ff-4f3b-8cfe-b25bbb65dc53,ok,gene_name,NA
a59ce3cb-489c-439a-ac9d-5ddb659f1cdc,ok,gene_name,NA
87852a13-22cd-43ef-9408-e09dd18e0e78,ok,gene_name,NA
0fe60909-1b03-445f-a370-736dd562027b,ok,gene_name,NA
7c698bc3-4d6e-4811-b07b-b1f68e053898,ok,gene_name,NA
1a6fac5e-79d2-4772-899e-2b37a4bdcd66,ok,gene_name,NA
7205737e-fa89-4a7d-83ef-8042dd34ba8d,ok,gene_name,NA
479f933e-a088-4c53-a4d1-eaf9a3a9ad39,ok,gene_name,NA
5863c42a-25d4-4140-93f8-10c1f8d2d410,ok,gene_name,NA
29b2658b-d286-4826-b2f4-c61f5c1716cb,ok,gene_name,NA
4f18d266-99d5-4f2d-b7c2-123f62891bfd,ok,gene_name,NA
df2baefb-4c65-420d-af0a-3f28608ce5b4,ok,gene_name,NA
8a3475a0-21d4-4144-bb01-ae92ec7d11a9,ok,gene_name,NA
f1daaec0-df43-45da-8524-29484dfbecc4,ok,gene_name,NA
d7bd7e6f-7299-449e-9d14-a43ddcf6af23,ok,gene_name,NA
cba8e68c-f4bb-441d-8df3-68bae3f78aaa,ok,gene_name,NA
f8c2b389-824f-4b24-80cb-6a0ee9cba131,ok,gene_name,NA
50f233cf-29f3-4a01-996f-8d47896c01c7,ok,gene_name,NA
54abae10-2c3d-4691-8d32-d60fda9daa4a,ok,gene_name,NA
5e8d0e50-a6c9-40bb-9c83-213999e91cca,ok,gene_name,NA
5fb4fe76-133e-4fbd-a188-12727e66e767,ok,gene_name,NA
fda3f170-c8ae-4ddc-ad87-5d4bae3715ad,ok,gene_name,NA
4f09e602-35f5-4ba6-baf8-3aa685247099,ok,gene_name,NA
85ae2772-c110-4bbb-a33f-e7215fed89f2,ok,gene_name,NA
9376b978-2dfd-4a9a-a6dd-4a91d46ba9ad,ok,gene_name,NA
7551cce5-daf3-480a-855b-f6e28792239a,ok,gene_name,NA
23898395-d7e4-4496-bbd3-1440bb7159ad,ok,gene_name,NA
b9a05d45-2810-4b04-be83-7914b882462e,ok,gene_name,NA
bb246a2d-fc4b-4440-9275-05f4f34855de,ok,gene_name,NA
9d8ebf25-1484-43a3-b7ef-a8a35290112a,ok,gene_name,NA
57113c43-489a-4b3d-9a69-954bfec106a7,ok,gene_name,NA
3e3ead73-d0d7-457c-a195-f858fa17b103,ok,gene_name,NA
97ba1a13-1527-406a-b9aa-9b34bd7d2ecc,ok,gene_name,NA
c6276aa1-b514-4338-bd20-f3f9c0bece93,ok,gene_name,NA
87107154-cb0e-49b6-b472-97b2da306c42,ok,gene_name,NA
7cbb5d63-810b-4fc7-a31f-17882f20d5f8,ok,gene_name,NA
f5702a31-4fc8-45cd-802d-817de33dd4bd,ok,gene_name,NA
640a5b45-8d37-48c4-8d78-90e848071d50,ok,gene_name,NA
00831dfd-0859-4e24-9672-36f0d47984c6,ok,gene_name,NA
75d67809-394d-4146-8c4a-fd4f558b1df2,ok,gene_name,NA
6b7ab5c5-620a-4cc3-a6dc-69e4aa8ac3f0,ok,gene_name,NA
9d155818-9683-4142-8808-2512e111f15a,ok,gene_name,NA
cadd9094-eb64-401c-9fd1-43db4cc9360a,ok,gene_name,NA
0f5edda3-5b39-48be-a2c7-6c495b49c249,ok,gene_name,NA
8a3b0191-d125-40ad-9811-c412b6329ab8,ok,gene_name,NA
170ed38a-fdce-4c28-a8ed-982d6a21add0,ok,gene_name,NA
d396a727-e500-412a-86c7-35a3350b2353,ok,gene_name,NA
f241eee0-28ea-4700-ba91-d3d50c2f7e48,ok,gene_name,NA
354c79ce-261d-4543-8868-3eee6d7455b7,ok,gene_name,NA
819b706a-5f79-47b3-963c-72e445b7c9b5,ok,gene_name,NA
b2bfc3b2-5c31-47aa-b008-5b959d0f8b0a,ok,gene_name,NA
50131614-6680-40a9-a26f-b69741146c8c,ok,gene_name,NA
84c31e39-ba14-40df-a0c8-e85027587bc3,ok,gene_name,NA
0e274ebf-c78b-4a23-b85f-835674f62a0a,ok,gene_name,NA
9fe6ce79-5cf5-47b8-8379-5e67ab35892e,ok,gene_name,NA
a4e993e8-cfc0-431e-8f7b-4d58b364061e,ok,gene_name,NA
2e1570c4-b1b2-4e1d-9df8-c3ca40e1dee1,ok,gene_name,NA
a29643d9-e0e5-4fb3-b7db-090e0a4948a0,ok,gene_name,NA
456a121c-a767-43a4-8d7a-30e4d8107a62,ok,gene_name,NA
f2c95c62-1d4f-4811-a3a3-c97dba3ce6a9,ok,gene_name,NA
f88df5aa-1c0c-4318-83a0-4b2230a4814b,ok,gene_name,NA
b7a15790-9999-4fd2-b327-9584e1445c1f,ok,gene_name,NA
4006124f-a213-4d56-843f-0764b5f4a89b,ok,gene_name,NA
a04f2c22-87db-420d-b673-33fd9e48c89e,ok,gene_name,NA
9e81bb0c-30cc-4bb5-960a-80fa862a6822,ok,gene_name,NA
2bdfdcec-cb7d-4e83-9257-f2c851a6a469,ok,gene_name,NA
abd6fd67-0b35-4405-a835-da1d56fa64a5,ok,gene_name,NA
614ea667-8b70-4b0b-bb7c-a5c5b30490fc,ok,gene_name,NA
79368096-6e7a-4d00-ae56-3ca3fee1546f,ok,gene_name,NA
43fd871e-74dc-4b9a-9101-e836c3f67b9a,ok,gene_name,NA
22f5836e-3ed4-45e7-94a2-dfafd689ac05,ok,gene_name,NA
27ee0eba-2f11-447b-a153-c8dc679d5fc6,ok,gene_name,NA
2d10fd52-8ff4-4f78-a674-6388d34f3e12,ok,gene_name,NA
319a6f57-afe8-40b8-aa8c-194b68adbcaa,ok,gene_name,NA
4b4d9eb1-5ceb-49e5-8ff2-d24ab8d60356,ok,gene_name,NA
e6ee7bbd-f3c8-46da-a7b2-f5d801408888,ok,gene_name,NA
e588111a-5276-4b7c-b3f6-86d1e84ff3d5,ok,gene_name,NA
ab16a141-f67f-44df-b4da-0a114969f0a0,ok,gene_name,NA
090d3905-3ea0-43a6-b802-192255146583,ok,gene_name,NA
e0b541c6-22c0-4b57-9a9f-80a32bc9d57c,ok,gene_name,NA
3524be8c-d600-492a-b912-f712ad158a8e,ok,gene_name,NA
39dc32b6-8c47-4ae9-8c03-8be648d5cbc9,ok,gene_name,NA
f7ee2427-a1bf-4f0f-b4b1-274b693ed41e,ok,gene_name,NA
e34e7e91-93d0-43dc-b510-1f36b3ba6be0,ok,gene_name,NA
088a7d23-5acc-4db8-8ccb-ca8221b765ac,ok,gene_name,NA
d6cf9f3f-59c5-4a28-bcd9-becfd5ee4306,ok,gene_name,NA
6f71bc72-6878-478a-98af-da45cfbb4bd1,ok,gene_name,NA
7e774ac2-2ac2-426c-afb4-3698a59b2a8b,ok,gene_name,NA
bc068ded-2a95-4bd9-a9c9-7016d7e748a8,ok,gene_name,NA
8a869af3-c5b4-4122-b17d-2b97b5cf97bc,ok,gene_name,NA
b446e80d-46a1-44ad-a39e-8e17b98c722d,ok,gene_name,NA
29326853-4718-4666-a8aa-de5326e25802,ok,gene_name,NA
1261fa8c-a831-4f06-aca6-9cb96625a32b,ok,gene_name,NA
b7155621-2b01-4524-857a-a1f1ca0a527a,ok,gene_name,NA
38a55896-f00e-418d-bc18-4ca30da378ef,ok,gene_name,NA
88e8d6b4-b638-4c5f-8286-ab5c193f5339,ok,gene_name,NA
4350b4e7-6a37-43d8-8eaa-b5f4846e943d,ok,gene_name,NA
a5292166-235e-488f-bb57-25db83e62df1,ok,gene_name,NA
e8a86041-dd34-405e-96d5-b413631a0808,ok,gene_name,NA
fc338856-23c2-4988-b4a4-ab387055274d,ok,gene_name,NA
9af0ac1c-2106-413b-bd64-c1d13db34c27,ok,gene_name,NA
db471ff3-aa48-4e3d-946b-8dfc8c379ad5,ok,gene_name,NA
1e659c79-eb29-4be8-b279-9a825f2cd157,ok,gene_name,NA
80ca584a-28f6-4bd8-b1ec-7c169e9a2817,ok,gene_name,NA
49627593-7be5-4ea7-b364-2a8826b7f41c,ok,gene_name,NA
f2ef666e-c64f-42d3-8de9-2ef3112ed38c,ok,gene_name,NA
e97eb7bf-fc1e-46d0-a4d8-038a2f726cbd,ok,gene_name,NA
b3dce386-e928-4c00-9244-152e116a86a5,ok,gene_name,NA
9063d365-849a-41d4-8caf-f1bb7288e1b2,ok,gene_name,NA
7c651197-9519-4ef2-85c9-16f05edb6a86,ok,gene_name,NA
283abca3-1ff3-4fa8-bf62-fa1b1cc2067b,ok,gene_name,NA
b56b4960-5de5-4301-bdee-5c095343cee8,ok,gene_name,NA
61445f43-1bce-4ea4-8583-7c421fb730b3,ok,gene_name,NA
c96554bf-ae42-4ec0-93fd-7c2ab01d19f0,ok,gene_name,NA
be4d40d0-2df8-49c9-8e19-88aa97861776,ok,gene_name,NA
d98a7d9b-f49d-4d9e-bd8e-c760a2f308c5,ok,gene_name,NA
9a3e22cb-36b6-43ae-8f5c-b991f32c4732,ok,gene_name,NA
99ff2016-a97a-4142-b70a-1bb59d6264e9,ok,gene_name,NA
f33792c6-9a11-4e52-872a-17a221148f16,ok,gene_name,NA
0aa2e992-c3ad-4509-8d82-399b0d760565,ok,gene_name,NA
0237d4e6-241d-4fb5-a59b-078bd4bd4b2d,ok,gene_name,NA
14e6f46e-a34a-41c6-bd22-1f46fd76836b,ok,gene_name,NA
60aa2851-1883-40c0-b41c-c0ba8292c368,ok,gene_name,NA
f2b0d855-a2bd-4c36-aa6e-46732a102be0,ok,gene_name,NA
290757b3-5525-445a-a675-00de0bc54e86,ok,gene_name,NA
7189b5ed-8bd7-4cb8-97d1-0b66f829f97c,ok,gene_name,NA
7961bfc9-d071-45fc-b392-dd12c8642b62,ok,gene_name,NA
ef37e9a2-853d-4697-8ce4-beb6899e3ff1,ok,gene_name,NA
d6278bca-8b01-4761-8457-6a67c63c78b1,ok,gene_name,NA
7fcacc2d-12f1-438b-b70d-615f627f431f,ok,gene_name,NA
d4649bc7-09d2-4d90-bafd-0bec72429b00,ok,gene_name,NA
41ec562e-7d07-4953-9a63-f6dc68696f77,ok,gene_name,NA
cd6e4f25-3b32-4fd3-9454-f06b0cf25d32,ok,gene_name,NA
90bb68a5-2311-4e19-80d4-35bf447456cd,ok,gene_name,NA
60913ab3-15e5-4978-8ca8-e1a74f82f9e4,ok,gene_name,NA
450dbf45-d1f1-4a0f-acc4-1210c1f21d10,ok,gene_name,NA
947e7903-a7f6-44c0-a40d-310fdfa5cc76,ok,gene_name,NA
5a30c998-2b04-4f65-9427-777b2c609c49,ok,gene_name,NA
c91fff43-9a50-4a7c-afb4-3484de935a7e,ok,gene_name,NA
09445310-8c2b-4bf1-b619-bfe8b3f9a5e8,ok,gene_name,NA
75c3d182-f026-4cfe-be32-a6bf4420ee13,ok,gene_name,NA
952293c8-b957-43ce-bc2e-c975fb57afa1,ok,gene_name,NA
29669cdf-d335-41ee-8bfa-7fdb854a1fe0,ok,gene_name,NA
444a2332-9e52-4cf8-94d9-07a8b829633e,ok,gene_name,NA
a7dce4a1-a72c-471e-bce0-92da1948e7d3,ok,gene_name,NA
72f34773-218d-41e0-93dc-7aae1ed50cee,ok,gene_name,NA
d2b53768-5501-4b6d-a005-aaaa65131c62,ok,gene_name,NA
44eeae34-4bf4-47d8-aae4-b8916f80bb42,ok,gene_name,NA
960d4a78-b91d-46d6-b90f-a1a134ffd751,ok,gene_name,NA
6c3a9d0b-5d61-41d0-b54c-432f33122a25,ok,gene_name,NA
a866e948-e290-43d5-935b-dac2abbd04e6,ok,gene_name,NA
ec8b5d60-3513-4a7b-9f91-440ec0516150,ok,gene_name,NA
1032db62-edd9-4532-ab62-af652f39f0dd,ok,gene_name,NA
145dabfe-a6df-4c9d-a7ac-937e0f9af003,ok,gene_name,NA
79fe87a6-d02d-445d-ac00-9817974f8189,ok,gene_name,NA
79b13451-ebba-405d-9557-4dfe88d1b5af,ok,gene_name,NA
54bbc769-1001-4bdc-991a-e1ef0b969aef,ok,gene_name,NA
d863d32c-ed50-4644-9ee1-7464bd79e1e0,ok,gene_name,NA
92f7ddd7-b0ae-4788-93c1-c2d7f093c92c,ok,gene_name,NA
b3bcadad-8758-4cd4-a1cc-6c0db24d24ba,ok,gene_name,NA
37657888-bb13-429b-800c-deb8a6bdf27c,ok,gene_name,NA
459bf195-8e11-4b92-835c-95b98886580a,ok,gene_name,NA
a5973818-0553-403f-b1d6-4d3e75b20e94,ok,gene_name,NA
d1961e33-d23b-45eb-a022-1943dbf5c298,ok,gene_name,NA
f2d80fcc-cc6e-4335-9fec-36abcd3fc67a,ok,gene_name,NA
b5b955dc-8bcc-4465-aee2-f302783d9ac8,ok,gene_name,NA
cf2e2654-325d-433b-9a56-731a32e16dba,ok,gene_name,NA
7b8c7e1e-6df9-4b64-9d94-5f16c3dda92a,ok,gene_name,NA
edf6d70c-dced-441c-8098-d53ae856143e,ok,gene_name,NA
23bf357b-285b-4ccc-956c-cb502503e556,ok,gene_name,NA
fb0dbfdf-9d25-47ea-9fb6-bc9da9a56931,ok,gene_name,NA
203ca3d5-b954-4938-8653-c4fdbb60e4f6,ok,gene_name,NA
d6e60bb5-179c-4fbe-97b9-5cf849727ad1,ok,gene_name,NA
afbd1975-263b-404b-a738-886bf25c0223,ok,gene_name,NA
53d676ac-d7aa-48b1-8d7b-494ee3dfce2a,ok,gene_name,NA
ad9b1842-b8ce-456f-a739-956f1f02bd96,ok,gene_name,NA
5c6c31d5-326b-44ea-9c7a-519ac446da3b,ok,gene_name,NA
179e130e-fe52-473e-8a5f-35d230458e69,ok,gene_name,NA
d4852a8f-4e8a-4751-adb1-6073241faff6,ok,gene_name,NA
0a67ab18-ab07-4307-9606-1f2e2f089230,ok,gene_name,NA
e9e8d1d1-1c59-4cd5-9059-740733d094e1,ok,gene_name,NA
c672926f-4617-4b3b-a8a9-0195b421a222,ok,gene_name,NA
c9b30fe5-f8f1-43a9-9c9d-5ec4fd26040d,ok,gene_name,NA
863e6257-809d-48ea-a7d4-ef9fa030124d,ok,gene_name,NA
0c6f8fe2-455f-4fa5-8a0f-92ad75c938f5,ok,gene_name,NA
689956e8-e5b8-4d66-a83d-9fc0c82fc2c6,ok,gene_name,NA
a057f848-fecb-4705-b512-54bea68fc9cb,ok,gene_name,NA
fc09d3be-0201-4838-abec-c08e3a568b9d,ok,gene_name,NA
b7196540-a319-41a0-befd-c363e511ac1d,ok,gene_name,NA
717e77de-9276-4ad9-bb49-e333b7bf2df3,ok,gene_name,NA
0d0543f2-195a-4ab8-8331-a1b57fc673dc,ok,gene_name,NA
b03b4495-465b-4e4b-b435-a61990f4a5f9,ok,gene_name,NA
eea85d25-8866-479a-9fc5-6d8fd529e847,ok,gene_name,NA
9df853fe-f193-4dd7-a6dc-095262f2e03a,ok,gene_name,NA
4649293d-11cc-4da4-b083-c7647e44fd60,ok,gene_name,NA
e8863676-0fff-4787-8545-f783e4b1f21f,ok,gene_name,NA
2c4ef6db-ff34-4258-a531-32345845832c,ok,gene_name,NA
eb7892cc-7f41-4797-a794-84c4f79df3ed,ok,gene_name,NA
1c98c99d-80ae-4fcc-9197-d1a2b7d8ac96,ok,gene_name,NA
70e189c6-3dc5-47ce-8d74-4aa4d90a2437,ok,gene_name,NA
ea31724a-fe89-4016-9109-fca7bfa5876e,ok,gene_name,NA
1fbcfcc7-43b6-4335-aeee-90329bddab6e,ok,gene_name,NA
f3c448ec-974c-433f-a552-f57f64453628,ok,gene_name,NA
60d81796-e5cb-4166-ad2e-32ce787268f2,ok,gene_name,NA
2bac85df-4900-41cd-a2ae-e33db7abd9d1,ok,gene_name,NA
91f35b8f-8c60-4716-8c90-b52b40ef56b3,ok,gene_name,NA
cf92132f-edaf-47dc-9469-69f3cef16737,ok,gene_name,NA
9278a510-405e-4dd0-a083-a368234581ad,ok,gene_name,NA
0d82cb5e-2e4e-4879-9b7e-b929fb590c0a,ok,gene_name,NA
2f3ed4ce-16b8-447d-9b18-d1e95d21de76,ok,gene_name,NA
cefe943b-5892-4254-a884-bb5414b0194c,ok,gene_name,NA
6410bbd2-aeb4-4c5e-aa6b-38acac7333ed,ok,gene_name,NA
931f8492-0d56-4250-aefb-7b2bca8259da,ok,gene_name,NA
82ff78cf-87af-475f-9eae-0d6137734028,ok,gene_name,NA
e676c661-cae3-4755-a90f-e632a3d82850,ok,gene_name,NA
1a23f004-dde1-4a0e-8991-0686182e92a5,ok,gene_name,NA
876d7b5c-5f1b-46a2-86a0-d9ce88af6b65,ok,gene_name,NA
f2eb8d3a-ee6e-4180-921d-0ef8f7d1ead5,ok,gene_name,NA
a0bbc7d1-79dd-4f74-b0fb-c56fb6c06db0,ok,gene_name,NA
9537cbb7-6018-4894-a091-ab11d50dd9c9,ok,gene_name,NA
2f837f98-b8e4-4b61-a6a9-547e6055fa23,ok,gene_name,NA
1f3b0d72-84cb-44ba-801b-a8d58baf2849,ok,gene_name,NA
e4774df3-14d7-43e1-8d6e-59e3530f157b,ok,gene_name,NA
92c89e9a-6b2f-4861-8aa6-1556d449e024,ok,gene_name,NA
bbd69e9d-cc49-4476-83ff-43ed928c7414,ok,gene_name,NA
a429b161-cfac-461b-ac19-08dbb3a9468f,ok,gene_name,NA
057eaa35-f130-4b26-bbde-9d52edfdb212,ok,gene_name,NA
1eb6f6ba-c24e-45ba-aa85-e6ad04484c7a,ok,gene_name,NA
07c46064-9fb9-4aad-9289-187d156c9d27,ok,gene_name,NA
4bc70225-3511-4571-8029-7ac499e60742,ok,gene_name,NA
f2a896dc-4074-454f-9fac-8f23ac850b16,ok,gene_name,NA
a1ec31bd-715d-4589-b7fc-951c79023c33,ok,gene_name,NA
22085d53-b816-4c33-b1ef-6f199775f39c,ok,gene_name,NA
f93cd112-520d-408d-a15d-3451f2bacdfd,ok,gene_name,NA
bec610b2-9082-429d-8aef-6cbf3bb7a020,ok,gene_name,NA
1b8cc228-a020-4418-be03-ad409d781728,ok,gene_name,NA
fb2874e9-62d9-4a8c-9d67-d36b0be0737d,ok,gene_name,NA
56c0c169-5480-4d14-b0d7-bd4214d0e7cf,ok,gene_name,NA
72183176-d844-452e-8736-303686bac768,ok,gene_name,NA
9790bcec-796f-4ca9-ab62-b40b69d3a222,ok,gene_name,NA
9ac00a37-7f08-4c9f-ab77-4019a05c5083,ok,gene_name,NA
3e599f68-2ba6-4fef-99aa-4b0bdf31e9bb,ok,gene_name,NA
3a3c6a53-219d-4048-a012-9e9a2594c72d,ok,gene_name,NA
3071ca0c-c031-4fe2-a534-e7de322bc4ae,ok,gene_name,NA
69531d59-6508-4074-a63a-27b047121681,ok,gene_name,NA
5d90192a-0271-4169-ba9d-e52cf081a5c3,ok,gene_name,NA
6f1de6d4-722d-46de-a586-593224079064,ok,gene_name,NA
d6a91466-993b-48f3-bbbf-aadd628e8e99,ok,gene_name,NA
5416b72f-7e75-4fab-a0e0-5396b5bf6cbe,ok,gene_name,NA
41e3970d-06d0-442a-b41e-128b6e0e743c,ok,gene_name,NA
e88a253a-4d6b-483c-9e85-692241ff1d19,ok,gene_name,NA
16b32013-0291-458e-b637-f73ccbaee84f,ok,gene_name,NA
2b542440-46c8-49b4-8657-a01e864b3f80,ok,gene_name,NA
7a7637d0-110f-4809-a79f-9eead03c762b,ok,gene_name,NA
5a2427b9-3e21-4ae3-bde7-06efcdf2bea3,ok,gene_name,NA
21b8a64f-800c-45bc-b7a4-a2e666330549,ok,gene_name,NA
9c73dcae-262a-4473-a999-3ec148b733ed,ok,gene_name,NA
155e74da-ebd4-4f87-ac74-7bf9fd74644f,ok,gene_name,NA
006aabaf-a659-436d-baed-f59795f934cf,ok,gene_name,NA
a586c240-b39c-4674-9276-1fa0a67503c5,ok,gene_name,NA
39f91c2c-9527-4185-aa04-eb42e7fab7c1,ok,gene_name,NA
d44fbbb6-168a-4454-aa47-7da08a8949b6,ok,gene_name,NA
69f7dc91-32d1-4359-850f-860aab36e433,ok,gene_name,NA
6fa64d4a-8a11-4b3e-852c-bf916c82259f,ok,gene_name,NA
6a94fd13-1867-4fc2-aa6d-c0ad48ac4390,ok,gene_name,NA
31050be4-da9b-4691-9a70-93d1dda4695a,ok,gene_name,NA
5ab9f2d4-e7da-4337-a0e0-24c3a79800c4,ok,gene_name,NA
744c9d5a-ea71-4888-b36b-c1a286715d7b,ok,gene_name,NA
dfbc7136-f7f7-4c2f-93a1-c46b2247cce5,ok,gene_name,NA
e1f33468-f9c4-4b1a-8cd5-b2c77cc80dc9,ok,gene_name,NA
7b5011b5-5816-4c25-ad72-31152b70b9a0,ok,gene_name,NA
20db3a49-ca35-4562-bc96-7e98c381830f,ok,gene_name,NA
f982722f-ae1d-4b7a-b445-0646517acb0f,ok,gene_name,NA
f9fd3da8-5a2d-4f4d-a91c-4ab3f8666a97,ok,gene_name,NA
617be06c-8001-41ab-be2c-2a4050fe6ccc,ok,gene_name,NA
3449e073-b0f2-4498-b9db-18e8593ef580,ok,gene_name,NA
570657de-da5c-4b5a-9b85-7753729722b6,ok,gene_name,NA
bc8a7421-4529-42de-a66c-f815138fe015,ok,gene_name,NA
b4abde15-98d3-4e78-9170-6c372de5c0f3,ok,gene_name,NA
00426c02-8fec-4862-92e6-876a81533b9e,ok,gene_name,NA
3bd5dd10-0de9-495a-a94a-c57ecd63c097,ok,gene_name,NA
b4881576-f6a5-4ed0-a4a4-227f4bb73d7c,ok,gene_name,NA
81ddd54e-ce35-4a15-ba5c-a58b5cac12ff,ok,gene_name,NA
2a4e4787-3070-40e4-955e-32d61402a33d,ok,gene_name,NA
73d57ab1-1757-4af3-b229-90050dcdb9e0,ok,gene_name,NA
0997ec63-6fe0-40fb-b0ff-3ddcb14ec7d2,ok,gene_name,NA
5fbd8f83-c1ce-4ff5-9c98-c74eb6412484,ok,gene_name,NA
699eceef-c640-4740-afb9-5e4952979493,ok,gene_name,NA
4d16e104-ebd1-4f82-9297-57857c876870,ok,gene_name,NA
9dc20a35-75a6-4eea-9b53-ac47d2e1101f,ok,gene_name,NA
251394da-d748-4282-8c85-820509ac7e44,ok,gene_name,NA
3737554a-35a2-4ed2-9a7a-306b4046211a,ok,gene_name,NA
164a359d-58b1-487f-8bac-07e63990b262,ok,gene_name,NA
0e1e7f6f-f00c-4276-9b80-e87f5a9bb485,ok,gene_name,NA
bad29386-4c25-44b9-93a6-304ae23a4e6b,ok,gene_name,NA
8aa8674a-7698-47fa-93b9-34132ca360ed,ok,gene_name,NA
0a14b390-558e-418a-83f8-148f459f2855,ok,gene_name,NA
32482364-5c47-4815-a467-099c22e7854c,ok,gene_name,NA
9d3ce188-45e1-472e-a2d8-68aa6dfcbcc4,ok,gene_name,NA
cb6cf6d6-5b05-43b8-9df6-3a563cd86cb6,ok,gene_name,NA
ba7ea027-76a6-4c29-a22d-36c4f9e20bf2,ok,gene_name,NA
9802a038-b7ff-405e-a214-5b4a3b9bc3c8,ok,gene_name,NA
d5ee1531-ded1-46cc-9a21-dbfd8dfebd5a,ok,gene_name,NA
f7e4f15f-7103-4b18-a76a-32fe44885348,ok,gene_name,NA
531bf883-b093-481e-bef8-4e712ec5100c,ok,gene_name,NA
849a5e37-7da5-4d58-9790-9868792456b0,ok,gene_name,NA
2761c4d4-00a9-4eb5-9166-af4e56677d07,ok,gene_name,NA
33fd00d2-a1c9-4a96-85cb-ad60f8103e56,ok,gene_name,NA
12b28d4e-4e1f-457d-bb8a-7bbd275352d7,ok,gene_name,NA
2c259bc9-5e6a-46c0-b82b-d6f6eb257455,ok,gene_name,NA
7b9d4448-dca3-4c74-9606-930b74cc48a2,ok,gene_name,NA
86a91afd-86d3-4cc9-bf51-e42d1e62b665,ok,gene_name,NA
82a4d3a7-d985-45a3-9f65-8fd094adb9ae,ok,gene_name,NA
04a95ed6-a66b-4a95-9b12-da3b48ab7ff6,ok,gene_name,NA
c46154dd-81dd-4203-960c-da74e393eccd,ok,gene_name,NA
89ef95d9-e35a-43c0-8103-f592707c8c91,ok,gene_name,NA
24dfde61-7dcb-444e-a946-5412cc55b400,ok,gene_name,NA
5aa6ee1b-13e9-4c10-8e59-7909861b1e88,ok,gene_name,NA
45f1815b-f70e-4817-a16a-b03672c47b30,ok,gene_name,NA
3ae2f730-7444-4b65-8c75-1f8f18e6047a,ok,gene_name,NA
0957bb2e-11dc-475e-84be-bdc33effb77b,ok,gene_name,NA
703c7bff-5ff0-4579-beb3-ac652fd00d0d,ok,gene_name,NA
6807181b-13e7-4f4b-a7d8-9d00f113f6bc,ok,gene_name,NA
14023e3c-3dac-47cd-b4f9-a4c7c1f95dc2,ok,gene_name,NA
aee6cc7b-14ac-4db2-93d5-8d5cdff36c52,ok,gene_name,NA
bfac79b0-d94d-4d27-bc68-900dcb5f1f9a,ok,gene_name,NA
b58f6f4a-67f7-429d-bace-67ffd9723af8,ok,gene_name,NA
9e73fe9a-03f6-45ed-93ab-39b0df88f631,ok,gene_name,NA
41f58e2c-c9b5-41f2-90d4-dfbea3892ee0,ok,gene_name,NA
7e45142c-85bc-45c5-9a2c-2c8f7c436a04,ok,gene_name,NA
14afcc09-95fd-4bc6-9f04-fa12065168ee,ok,gene_name,NA
0545b5c3-1dfb-4e0e-b956-97ba018a1406,ok,gene_name,NA
f23b7ee8-2af9-4db6-9f2e-bbb74ce501c7,ok,gene_name,NA
1f1eef00-cf48-4bf3-b451-1e1a10cc660d,ok,gene_name,NA
de194cf4-4590-4eca-8caa-343890af604b,ok,gene_name,NA
7801990c-751f-4d2d-b04a-0dd96b265b11,ok,gene_name,NA
163b85af-e378-4ee8-9869-2054cacb3f5b,ok,gene_name,NA
953318ce-676f-4a47-bca9-6f618ce71382,ok,gene_name,NA
92cdbe72-8af4-4e98-87be-9c437978eb0c,ok,gene_name,NA
82e0699e-007f-4138-b763-9073f8de9cc4,ok,gene_name,NA
e626f258-8cbe-41f7-88a0-accf150c39de,ok,gene_name,NA
26761738-9f69-4459-b076-1f9e512ddfcb,ok,gene_name,NA
7d6d1edb-7abf-49f9-9369-ee26a14e5f9f,ok,gene_name,NA
6c08cccb-547f-408c-a9f9-0f887d2a8af1,ok,gene_name,NA
1c3aea98-ef53-4d82-b212-f469ab6bc92f,ok,gene_name,NA
bc692874-f501-4474-9d1a-42e89d680426,ok,gene_name,NA
bc1fc8cf-28ef-437e-8160-c39ee94c05f8,ok,gene_name,NA
58dfd369-22de-465f-a09b-76ac538cb684,ok,gene_name,NA
138204b7-555c-431f-b195-dc3937ae2d6f,ok,gene_name,NA
e5b7c08e-04b4-4bc6-87b1-cb6ed08c6a9b,ok,gene_name,NA
7410f7df-ab10-462a-b787-abedf0a514e8,ok,gene_name,NA
00ec1a9f-3656-4e9c-bcfb-b68c01dffeee,ok,gene_name,NA
5bcb13c6-b7fe-4aec-a09e-4921eb4bc75b,ok,gene_name,NA
25f116c2-2014-4f74-8790-acacdace3386,ok,gene_name,NA
f70d98fd-23a5-47a8-a7c8-d7cbcb0b89dc,ok,gene_name,NA
99946fe2-7688-48b3-a764-629620768823,ok,gene_name,NA
cb2b5b16-820b-4bc9-8e0a-9711d0cc8cd3,ok,gene_name,NA
ae37a8c8-f494-4a6f-9849-8c4001f76838,ok,gene_name,NA
a5a11bd7-bd96-4b89-9df7-3327b2823b5f,ok,gene_name,NA
ea9df99f-248f-44fe-a227-191c9c86e4a6,ok,gene_name,NA
7600efca-a763-4faf-841b-e06374be85dc,ok,gene_name,NA
3c4d7fca-ff1d-4476-b153-f579de6cd93a,ok,gene_name,NA
ef20d748-9cc3-48e7-a1bc-4a181ec2bad9,ok,gene_name,NA
31e7dfc8-518e-4f46-8570-c91fc83cc5e3,ok,gene_name,NA
24a99edd-a72f-4552-b1b3-f060975f4f86,ok,gene_name,NA
853da5b4-49df-41e9-9a98-687e7eb8c2ea,ok,gene_name,NA
c0b3e84e-74fa-47da-8926-5579da919eec,ok,gene_name,NA
e0a69a83-c3ee-430c-9769-816d68d8b746,ok,gene_name,NA
bc02964d-86e8-43e7-8b14-3e75133a3696,ok,gene_name,NA
82c69289-b7cc-43c3-9eef-084e864628f8,ok,gene_name,NA
991e464f-9643-4325-a4e1-5968ce292d56,ok,gene_name,NA
12d568f1-a850-4b73-99c4-92fad05672cf,ok,gene_name,NA
64de916c-1e9b-42a9-b638-abf8867973a6,ok,gene_name,NA
a3340662-d48a-43d2-b506-13cfe85da6b4,ok,gene_name,NA
fcecdb7d-9868-4849-b30b-e054265506e0,ok,gene_name,NA
f11b78b5-f0e8-489d-9adc-97679cd72800,ok,gene_name,NA
4acf2460-29a9-4d3c-adc1-3460b346b4b0,ok,gene_name,NA
cd187055-3a5a-402f-9dd7-39d16e1a291e,ok,gene_name,NA
1447b886-773a-4423-ab52-9df85858af8a,ok,gene_name,NA
30596477-d2de-4b4d-b9fc-301314c0688c,ok,gene_name,NA
147cac6e-dd75-42ee-af6e-0be4ba0f252b,ok,gene_name,NA
253e7630-4e36-4663-a73a-2291a762e9e8,ok,gene_name,NA
e885b7eb-6e09-4b0d-bf8e-788d0c45178c,ok,gene_name,NA
3364d0d8-15da-492e-86f5-73cc8a052f2c,ok,gene_name,NA
aaff2dfc-59bf-4940-8430-4c5ca8f7b305,ok,gene_name,NA
f8bd7ad3-9e0a-4a73-a1d5-520a52c014d6,ok,gene_name,NA
cc9d7826-b21a-4c59-b567-ee92d159e5c5,ok,gene_name,NA
e9be8247-b6e1-486a-afcd-e33e71684229,ok,gene_name,NA
e9f37866-da2b-4b9e-adab-d44430c24ad5,ok,gene_name,NA
1b9a7cf2-ebbb-4b93-9b46-aa582d209b9c,ok,gene_name,NA
13ee2df9-5746-4e2c-89a8-14b661c1ff88,ok,gene_name,NA
99dafaf1-e2d1-4232-aaa9-afdd99d51ee8,ok,gene_name,NA
6d0ec0a1-ad19-4414-b3ab-5cbf9a242129,ok,gene_name,NA
65b591c3-a691-4783-9c77-9590792c2e22,ok,gene_name,NA
ef9b29e4-bb97-4e33-a36d-24d4add64c48,ok,gene_name,NA
72878d15-d4cd-486b-9281-c4f801fc2286,ok,gene_name,NA
fe3b8411-ede6-4f46-a134-f265195c3cd0,ok,gene_name,NA
f3bc633a-3e4e-47cc-97b0-6f3c79bc0bb0,ok,gene_name,NA
44780b34-bead-4472-8890-f880de549949,ok,gene_name,NA
f4478fc6-d9f5-401b-8f71-ab7e563f49fa,ok,gene_name,NA
387a4174-b30f-4861-b3a7-742414cf4aa1,ok,gene_name,NA
b394e598-e357-4fb8-ad45-c1d74d2c3e25,ok,gene_name,NA
07726c6c-9f68-44fa-b995-17bfd544879f,ok,gene_name,NA
1f7210ac-421e-46b0-bb9e-802603a75dd4,ok,gene_name,NA
6b20dba6-b7fc-427a-92f2-8989403baeb2,ok,gene_name,NA
6700c8a2-9b68-4783-856b-a8f282124aa6,ok,gene_name,NA
3dc28658-f3df-4d5a-ae16-cb96c7cf7c3e,ok,gene_name,NA
2e84a16b-cd5c-46e7-b096-c6f2313f44dd,ok,gene_name,NA
9693d32e-8371-4ded-afda-086c6e0a40ec,ok,gene_name,NA
34a44761-d903-43ca-be70-34535b327052,ok,gene_name,NA
1e84e1af-f14c-49d3-b7bd-b1d62af4f500,ok,gene_name,NA
82d8ec08-3637-4233-9b12-01fc04fbee1d,ok,gene_name,NA
2165996f-0707-4983-9277-d00bdbcdb93b,ok,gene_name,NA
1bdb2b92-4fb1-4056-86d0-0c43b6f8c927,ok,gene_name,NA
179ba7b7-bc04-47e2-aeed-c96ce62a20b3,ok,gene_name,NA
cdc03ad0-b7bb-463f-be63-77c2fd1ac1a4,ok,gene_name,NA
89f6f301-c34b-4520-afe6-51d3e78c3e93,ok,gene_name,NA
f9e9f71b-ec2e-4d9f-8ef9-7b1d0db0950e,ok,gene_name,NA
3d2b5c86-f88f-45ef-ad4b-77af2d4b0d3e,ok,gene_name,NA
a6de60f5-2c35-4a83-9903-96ec1a953a8f,ok,gene_name,NA
8ea2a2ba-a352-481e-997e-9cc295b0ee48,ok,gene_name,NA
c83f76c9-3da1-4e73-8081-984b86cf3516,ok,gene_name,NA
e0facf40-e403-4406-b8c3-8cc38e0d91bd,ok,gene_name,NA
906b576e-e990-4776-a5ae-8d2f2a9f18e7,ok,gene_name,NA
d18d2b3d-1b24-42d1-9775-4dc6e72dfcfe,ok,gene_name,NA
48c0417a-b1e8-442a-bc2f-a143ec1ef0b9,ok,gene_name,NA
dbdddffa-f5c8-4ca1-959e-656a96ed5760,ok,gene_name,NA
6a675022-8aff-47f3-a50e-716cb3f8ac03,ok,gene_name,NA
54b3a405-7047-4db3-8395-857d3e77cec8,ok,gene_name,NA
7af8052b-6a86-44e0-b3ee-b6bfcfd7ef5a,ok,gene_name,NA
ed96008c-c30d-4c02-b19a-9d1b51b05852,ok,gene_name,NA
83f3c5ae-95b1-49b5-a268-4017c4246835,ok,gene_name,NA
718538b8-34aa-40c3-8b54-f62fa89bde05,ok,gene_name,NA
57d39fb5-4e72-4a4f-bff5-07d0a84aebcb,ok,gene_name,NA
b340b761-9f73-4e25-87a2-b186ba9318e4,ok,gene_name,NA
43b31c62-b116-4b50-b7d1-e890684fb602,ok,gene_name,NA
3ce7cb2d-85ce-4bec-8111-0e6325cb27ba,ok,gene_name,NA
4281b212-8ee9-4f6a-bf38-cba6c8226753,ok,gene_name,NA
97bccaf7-1f96-45f3-a8ee-159be988a900,ok,gene_name,NA
759c38d2-c46b-4bf4-9026-7491acdeea9b,ok,gene_name,NA
33cbc6e3-c62d-41b3-88c3-92ddc26f1fea,ok,gene_name,NA
41210d38-3fd9-411a-9349-7a1851866875,ok,gene_name,NA
4ceebf7f-350d-4e8a-89b2-c66f6ed24dac,ok,gene_name,NA
bba6cc11-390b-45f6-b180-272bda481a72,ok,gene_name,NA
a068ba03-945c-41fe-a68d-95014f12ee9a,ok,gene_name,NA
457924a2-0dac-46a3-a7be-b6e79da9a99e,ok,gene_name,NA
e07a3d43-69aa-40ed-b4a0-39c0b2fe959d,ok,gene_name,NA
58249258-585d-4f6a-855b-008f3a011303,ok,gene_name,NA
f2662c9c-6c24-4e21-a589-01c5d545e5c6,ok,gene_name,NA
ceeef81f-605c-42f9-aeb6-551de5562508,ok,gene_name,NA
65104a89-a629-48b8-a199-1d26443df93b,ok,gene_name,NA
68a888e3-3779-4382-9d4f-827dd97e27f7,ok,gene_name,NA
d9bb0929-0943-4b3f-b036-44187a012100,ok,gene_name,NA
fe114eaf-0d0a-4e7b-808a-da910d6d1c97,ok,gene_name,NA
3fe1492b-ed45-4870-a03c-0fd1efa3edc5,ok,gene_name,NA
0ada11de-7514-4647-9245-ecb05c2d996c,ok,gene_name,NA
cb7b704c-3dc0-4532-a9de-47f512574421,ok,gene_name,NA
9bad6c08-2735-43f4-b63d-10e886b64372,ok,gene_name,NA
be5d1a0f-c8a0-40fc-9d21-81ecf2ab9ca7,ok,gene_name,NA
163b7999-0fdc-4228-bf96-dd86386eceae,ok,gene_name,NA
8767fbf2-b80f-4fd6-b757-4b6ffcef556d,ok,gene_name,NA
9c4ba807-ce7d-4f9c-b6da-50b266303612,ok,gene_name,NA
d81bafb5-be2c-4005-a189-8b0f4b98f1a6,ok,gene_name,NA
39398bc3-32fb-4a7f-ae7a-8e7e77a12cf2,ok,gene_name,NA
6394978f-e5cc-418b-9e63-121d48362ff8,ok,gene_name,NA
1c870a6a-9c90-4fe5-8f68-35ac7e8506f1,ok,gene_name,NA
063a2b03-65ed-47d9-961b-ccc114288acc,ok,gene_name,NA
40eecb24-29e4-4496-929d-edf39cb6777a,ok,gene_name,NA
35eab469-4215-4d0c-8eef-590eea6b99f3,ok,gene_name,NA
2a7602c2-b8c8-481c-8709-8321ed311ca7,ok,gene_name,NA
e6d973e6-f4c8-47cc-9b72-a14aa9dfdafc,ok,gene_name,NA
5ed9cb54-daac-42ec-848a-b79fdabfebab,ok,gene_name,NA
7d2860b9-d6fe-4d92-a349-6545dea48311,ok,gene_name,NA
0c1c8703-2d34-472f-8bd9-1f4e29f46235,ok,gene_name,NA
97acab60-aae2-408d-a549-c7a923e53b6e,ok,gene_name,NA
384fc58f-9105-4ed0-ab3a-12e3d72f1603,ok,gene_name,NA
ce2c9824-5cc3-4dfe-95b6-b277c1f5eecc,ok,gene_name,NA
e772bb71-9cc8-40ee-992f-45704d24330a,ok,gene_name,NA
abf6036e-8163-41a3-ac4e-5057ffc7c757,ok,gene_name,NA
f9f8323e-16f7-4c77-8975-ca7d3e11dc93,ok,gene_name,NA
7c5ed4ec-926b-43a5-b000-a9989c6820ce,ok,gene_name,NA
