case_barcode,Variant_Classification,HGVSp_Short
TCGA-02-0003,Missense_Mutation,p.R282W
TCGA-02-0003,Missense_Mutation,p.H178Q
TCGA-02-2485,Missense_Mutation,p.R248Q
TCGA-02-2485,Missense_Mutation,p.S127Y
TCGA-06-0195,Missense_Mutation,p.D281A
TCGA-06-0195,Missense_Mutation,p.G266R
TCGA-06-2559,Missense_Mutation,p.P190L
TCGA-06-2559,Missense_Mutation,p.T155N
TCGA-06-2567,Missense_Mutation,p.E271K
TCGA-06-2567,Nonsense_Mutation,p.R196*
TCGA-06-5417,Missense_Mutation,p.I255S
TCGA-06-5417,Nonsense_Mutation,p.R196*
TCGA-06-A5U0,Nonsense_Mutation,p.R342*
TCGA-06-A5U0,Frame_Shift_Ins,p.E171Gfs*4
TCGA-12-1600,Splice_Site,p.X126_splice
TCGA-12-1600,Nonsense_Mutation,p.W53*
TCGA-14-1825,Missense_Mutation,p.R282W
TCGA-14-1825,Nonsense_Mutation,p.R196*
TCGA-14-4157,Missense_Mutation,p.R175H
TCGA-14-4157,Missense_Mutation,p.V157G
TCGA-19-1390,Missense_Mutation,p.L194R
TCGA-19-1390,Missense_Mutation,p.L130F
TCGA-19-2625,Missense_Mutation,p.C238Y
TCGA-19-2625,Missense_Mutation,p.Y205C
TCGA-19-5956,Nonsense_Mutation,p.Y327*
TCGA-19-5956,Nonsense_Mutation,p.Q192*
TCGA-76-4929,Nonsense_Mutation,p.R342*
TCGA-76-4929,Missense_Mutation,p.P152S
